{
  "FilterHeaders": [
    {
      "Header": "x-requested-with",
      "IncludeInScript": true
    },
    {
      "Header": "user-agent",
      "IncludeInScript": false
    },
    {
      "Header": "upgrade-insecure-requests",
      "IncludeInScript": true
    },
    {
      "Header": "origin",
      "IncludeInScript": true
    },
    {
      "Header": "if-none-match",
      "IncludeInScript": false
    },
    {
      "Header": "authorization",
      "IncludeInScript": true
    },
    {
      "Header": "accept-language",
      "IncludeInScript": false
    },
    {
      "Header": "accept-encoding",
      "IncludeInScript": false
    },
    {
      "Header": "accept",
      "IncludeInScript": false
    },
    {
      "Header": "a-im",
      "IncludeInScript": true
    }
  ],
  "FilterResources": [
    {
      "IsNonResource": false,
      "type": "text/javascript"
    },
    {
      "IsNonResource": true,
      "type": "text/html"
    },
    {
      "IsNonResource": false,
      "type": "text/css"
    },
    {
      "IsNonResource": false,
      "type": "image/x-icon"
    },
    {
      "IsNonResource": false,
      "type": "image/png"
    },
    {
      "IsNonResource": false,
      "type": "image/jpeg"
    },
    {
      "IsNonResource": false,
      "type": "image/gif"
    },
    {
      "IsNonResource": false,
      "type": "application/octet-stream"
    },
    {
      "IsNonResource": true,
      "type": "application/json"
    },
    {
      "IsNonResource": false,
      "type": "application/javascript"
    }
  ],
  "GeneralInfo": {
    "BrowserVersion": "",
    "IsWinInetMode": false,
    "MaxUsedConnections": 29,
    "RecordedBrowser": "Chrome",
    "RecordingDate": "Jun-15-2019",
    "RecordingDuration": 53719,
    "RecordingMode": "N/A",
    "RecordingTimeStamp": 1560567693,
    "RecordingType": "Browser",
    "TotalBytesReceived": 2827267,
    "TotalBytesSent": 34270,
    "TotalRequests": 74,
    "UserAgent": "Mozilla/5.0 (Windows NT 10.0; Win64; x64) AppleWebKit/537.36 (KHTML, like Gecko) Chrome/74.0.3729.169 Safari/537.36"
  },
  "HostInfo": [
    {
      "DomainName": "windows.net",
      "Domains": [
        {
          "HTTPVersion": "HTTP/1.1",
          "IP": "40.83.104.208",
          "IncludeInScript": true,
          "Name": "techspecstorage.blob.core.windows.net",
          "Port": 80,
          "Requests": [
            {
              "CompressionType": "",
              "DataType": "application/octet-stream",
              "DownloadTime": 250,
              "EventId": 483,
              "HttpStatus": 200,
              "Size": 63596,
              "URL": "http://techspecstorage.blob.core.windows.net/siteimages/096%20-%20stained%20old%20pine%20deck%20-%20C.jpg"
            },
            {
              "CompressionType": "",
              "DataType": "application/octet-stream",
              "DownloadTime": 313,
              "EventId": 476,
              "HttpStatus": 200,
              "Size": 91900,
              "URL": "http://techspecstorage.blob.core.windows.net/siteimages/095%20-%20stained%20old%20pine%20deck%20-%20B.jpg"
            },
            {
              "CompressionType": "",
              "DataType": "application/octet-stream",
              "DownloadTime": 312,
              "EventId": 471,
              "HttpStatus": 200,
              "Size": 31976,
              "URL": "http://techspecstorage.blob.core.windows.net/siteimages/094%20-%20stained%20old%20pine%20deck%20-%20A.jpg"
            }
          ],
          "SSLCipher": "None",
          "SSLVersion": "None"
        },
        {
          "HTTPVersion": "HTTP/1.1",
          "IP": "40.83.104.208",
          "IncludeInScript": true,
          "Name": "techspecstorage.blob.core.windows.net",
          "Port": 443,
          "Requests": [
            {
              "CompressionType": "",
              "DataType": "image/jpeg",
              "DownloadTime": 203,
              "EventId": 485,
              "HttpStatus": 200,
              "Size": 303744,
              "URL": "https://techspecstorage.blob.core.windows.net/siteimages/TS0003_E_TJ_woodsman_closeup_of_63LARGE.jpg"
            }
          ],
          "SSLCipher": "ECDHE-RSA-AES256-GCM-SHA384",
          "SSLVersion": "TLS1.2"
        }
      ],
      "IncludeInScript": true
    },
    {
      "DomainName": "resenetechspec.com",
      "Domains": [
        {
          "HTTPVersion": "HTTP/1.1",
          "IP": "23.101.222.150",
          "IncludeInScript": true,
          "Name": "www.resenetechspec.com",
          "Port": 443,
          "Requests": [
            {
              "CompressionType": "",
              "DataType": "text/html",
              "DownloadTime": 47,
              "EventId": 615,
              "HttpStatus": 404,
              "Size": 3197,
              "URL": "https://www.resenetechspec.com/Scripts/knockout.mapping-latest.js"
            },
            {
              "CompressionType": "",
              "DataType": "image/gif",
              "DownloadTime": 47,
              "EventId": 611,
              "HttpStatus": 200,
              "Size": 3126,
              "URL": "https://www.resenetechspec.com/Content/images/spinworking.gif"
            },
            {
              "CompressionType": "",
              "DataType": "text/html",
              "DownloadTime": 47,
              "EventId": 608,
              "HttpStatus": 404,
              "Size": 3197,
              "URL": "https://www.resenetechspec.com/Scripts/knockout.mapping-latest.js"
            },
            {
              "CompressionType": "",
              "DataType": "text/html",
              "DownloadTime": 94,
              "EventId": 604,
              "HttpStatus": 200,
              "Size": 26069,
              "URL": "https://www.resenetechspec.com/Account/Login"
            },
            {
              "CompressionType": "",
              "DataType": "image/x-icon",
              "DownloadTime": 47,
              "EventId": 544,
              "HttpStatus": 200,
              "Size": 12342,
              "URL": "https://www.resenetechspec.com/favicon.ico"
            },
            {
              "CompressionType": "",
              "DataType": "",
              "DownloadTime": 47,
              "EventId": 540,
              "HttpStatus": 200,
              "Size": 0,
              "URL": "https://www.resenetechspec.com/Home/SetGAClientID?id=151038827.1560567726"
            },
            {
              "CompressionType": "",
              "DataType": "image/png",
              "DownloadTime": 140,
              "EventId": 515,
              "HttpStatus": 200,
              "Size": 4674,
              "URL": "https://www.resenetechspec.com/engine1/pause.png"
            },
            {
              "CompressionType": "",
              "DataType": "image/gif",
              "DownloadTime": 46,
              "EventId": 469,
              "HttpStatus": 200,
              "Size": 2998,
              "URL": "https://www.resenetechspec.com/content/images/resene_logo_footer.gif"
            },
            {
              "CompressionType": "",
              "DataType": "image/gif",
              "DownloadTime": 47,
              "EventId": 467,
              "HttpStatus": 200,
              "Size": 43,
              "URL": "https://www.resenetechspec.com/content/images/spacer.gif"
            },
            {
              "CompressionType": "",
              "DataType": "image/jpeg",
              "DownloadTime": 63,
              "EventId": 434,
              "HttpStatus": 200,
              "Size": 77652,
              "URL": "https://www.resenetechspec.com/data1/images/homepage4.jpg"
            },
            {
              "CompressionType": "",
              "DataType": "image/jpeg",
              "DownloadTime": 47,
              "EventId": 431,
              "HttpStatus": 200,
              "Size": 16301,
              "URL": "https://www.resenetechspec.com/Content/images/gradient_background_bg.jpg"
            },
            {
              "CompressionType": "",
              "DataType": "image/jpeg",
              "DownloadTime": 62,
              "EventId": 429,
              "HttpStatus": 200,
              "Size": 57435,
              "URL": "https://www.resenetechspec.com/data1/images/homepage3.jpg"
            },
            {
              "CompressionType": "",
              "DataType": "image/jpeg",
              "DownloadTime": 47,
              "EventId": 426,
              "HttpStatus": 200,
              "Size": 83576,
              "URL": "https://www.resenetechspec.com/data1/images/homepage2.jpg"
            },
            {
              "CompressionType": "",
              "DataType": "image/jpeg",
              "DownloadTime": 47,
              "EventId": 424,
              "HttpStatus": 200,
              "Size": 29230,
              "URL": "https://www.resenetechspec.com/data1/images/homepage1.jpg"
            },
            {
              "CompressionType": "",
              "DataType": "application/javascript",
              "DownloadTime": 47,
              "EventId": 419,
              "HttpStatus": 200,
              "Size": 27998,
              "URL": "https://www.resenetechspec.com/Scripts/move.js"
            },
            {
              "CompressionType": "",
              "DataType": "application/javascript",
              "DownloadTime": 141,
              "EventId": 417,
              "HttpStatus": 200,
              "Size": 3514,
              "URL": "https://www.resenetechspec.com/engine1/script.js"
            },
            {
              "CompressionType": "",
              "DataType": "application/javascript",
              "DownloadTime": 110,
              "EventId": 415,
              "HttpStatus": 200,
              "Size": 15398,
              "URL": "https://www.resenetechspec.com/engine1/wowslider.js"
            },
            {
              "CompressionType": "",
              "DataType": "application/javascript",
              "DownloadTime": 46,
              "EventId": 404,
              "HttpStatus": 200,
              "Size": 75145,
              "URL": "https://www.resenetechspec.com/Scripts/TechSpecMainScripts.js?ver=37"
            },
            {
              "CompressionType": "",
              "DataType": "text/html",
              "DownloadTime": 47,
              "EventId": 398,
              "HttpStatus": 404,
              "Size": 3197,
              "URL": "https://www.resenetechspec.com/Scripts/knockout.mapping-latest.js"
            },
            {
              "CompressionType": "",
              "DataType": "application/javascript",
              "DownloadTime": 188,
              "EventId": 374,
              "HttpStatus": 200,
              "Size": 4800,
              "URL": "https://www.resenetechspec.com/Content/Bootstrap/js/application.js"
            },
            {
              "CompressionType": "",
              "DataType": "image/gif",
              "DownloadTime": 172,
              "EventId": 372,
              "HttpStatus": 200,
              "Size": 11516,
              "URL": "https://www.resenetechspec.com/Content/images/working.gif"
            },
            {
              "CompressionType": "",
              "DataType": "image/jpeg",
              "DownloadTime": 156,
              "EventId": 369,
              "HttpStatus": 200,
              "Size": 12497,
              "URL": "https://www.resenetechspec.com/Content/images/ReseneHeader_rgb_small.jpg"
            },
            {
              "CompressionType": "",
              "DataType": "application/javascript",
              "DownloadTime": 109,
              "EventId": 367,
              "HttpStatus": 200,
              "Size": 519528,
              "URL": "https://www.resenetechspec.com/Scripts/froala-editor/js/froala_editor.pkgd.min.js"
            },
            {
              "CompressionType": "",
              "DataType": "application/javascript",
              "DownloadTime": 94,
              "EventId": 359,
              "HttpStatus": 200,
              "Size": 2279,
              "URL": "https://www.resenetechspec.com/Scripts/jquery.truncate.min.js"
            },
            {
              "CompressionType": "",
              "DataType": "application/javascript",
              "DownloadTime": 78,
              "EventId": 357,
              "HttpStatus": 200,
              "Size": 1301,
              "URL": "https://www.resenetechspec.com/Scripts/jquery-ui-touch-punch.min.js"
            },
            {
              "CompressionType": "",
              "DataType": "text/html",
              "DownloadTime": 62,
              "EventId": 354,
              "HttpStatus": 404,
              "Size": 3197,
              "URL": "https://www.resenetechspec.com/Scripts/knockout.mapping-latest.js"
            },
            {
              "CompressionType": "",
              "DataType": "application/javascript",
              "DownloadTime": 78,
              "EventId": 352,
              "HttpStatus": 200,
              "Size": 60354,
              "URL": "https://www.resenetechspec.com/Scripts/knockout-3.4.2.js"
            },
            {
              "CompressionType": "",
              "DataType": "application/javascript",
              "DownloadTime": 62,
              "EventId": 349,
              "HttpStatus": 200,
              "Size": 4129,
              "URL": "https://www.resenetechspec.com/Content/Bootstrap/js/bootstrap-toggle.min.js"
            },
            {
              "CompressionType": "",
              "DataType": "application/javascript",
              "DownloadTime": 63,
              "EventId": 347,
              "HttpStatus": 200,
              "Size": 62324,
              "URL": "https://www.resenetechspec.com/Content/Bootstrap/js/bootstrap.js"
            },
            {
              "CompressionType": "",
              "DataType": "application/javascript",
              "DownloadTime": 62,
              "EventId": 315,
              "HttpStatus": 200,
              "Size": 7845,
              "URL": "https://www.resenetechspec.com/Content/Bootstrap/js/bootstrap-tooltip.js"
            },
            {
              "CompressionType": "",
              "DataType": "application/javascript",
              "DownloadTime": 47,
              "EventId": 309,
              "HttpStatus": 200,
              "Size": 72550,
              "URL": "https://www.resenetechspec.com/Scripts/moment.min.js"
            },
            {
              "CompressionType": "",
              "DataType": "application/javascript",
              "DownloadTime": 125,
              "EventId": 273,
              "HttpStatus": 200,
              "Size": 97361,
              "URL": "https://www.resenetechspec.com/Scripts/jquery.js"
            },
            {
              "CompressionType": "",
              "DataType": "application/javascript",
              "DownloadTime": 94,
              "EventId": 270,
              "HttpStatus": 200,
              "Size": 253668,
              "URL": "https://www.resenetechspec.com/Scripts/jquery-ui.min.js"
            },
            {
              "CompressionType": "",
              "DataType": "application/javascript",
              "DownloadTime": 94,
              "EventId": 268,
              "HttpStatus": 200,
              "Size": 18091,
              "URL": "https://www.resenetechspec.com/Scripts/jQueryFileDownload.js"
            },
            {
              "CompressionType": "",
              "DataType": "application/javascript",
              "DownloadTime": 94,
              "EventId": 231,
              "HttpStatus": 200,
              "Size": 236,
              "URL": "https://www.resenetechspec.com/Scripts/custom.js"
            },
            {
              "CompressionType": "",
              "DataType": "application/javascript",
              "DownloadTime": 94,
              "EventId": 229,
              "HttpStatus": 200,
              "Size": 326770,
              "URL": "https://www.resenetechspec.com/Scripts/tinymce/tinymce.min.js"
            },
            {
              "CompressionType": "",
              "DataType": "application/javascript",
              "DownloadTime": 94,
              "EventId": 226,
              "HttpStatus": 200,
              "Size": 5764,
              "URL": "https://www.resenetechspec.com/Scripts/jquery.validate.unobtrusive.min.js"
            },
            {
              "CompressionType": "",
              "DataType": "application/javascript",
              "DownloadTime": 94,
              "EventId": 224,
              "HttpStatus": 200,
              "Size": 23261,
              "URL": "https://www.resenetechspec.com/Scripts/jquery.validate.min.js"
            },
            {
              "CompressionType": "",
              "DataType": "application/javascript",
              "DownloadTime": 125,
              "EventId": 183,
              "HttpStatus": 200,
              "Size": 86927,
              "URL": "https://www.resenetechspec.com/Scripts/jquery-3.3.1.min.js"
            },
            {
              "CompressionType": "",
              "DataType": "text/css",
              "DownloadTime": 125,
              "EventId": 181,
              "HttpStatus": 200,
              "Size": 5222,
              "URL": "https://www.resenetechspec.com/engine1/style.css?ver=1"
            },
            {
              "CompressionType": "",
              "DataType": "text/css",
              "DownloadTime": 125,
              "EventId": 179,
              "HttpStatus": 200,
              "Size": 3681,
              "URL": "https://www.resenetechspec.com/Content/form.css"
            },
            {
              "CompressionType": "",
              "DataType": "application/javascript",
              "DownloadTime": 78,
              "EventId": 170,
              "HttpStatus": 200,
              "Size": 3654,
              "URL": "https://www.resenetechspec.com/Scripts/jquery.unobtrusive-ajax.min.js"
            },
            {
              "CompressionType": "",
              "DataType": "text/css",
              "DownloadTime": 78,
              "EventId": 168,
              "HttpStatus": 200,
              "Size": 50895,
              "URL": "https://www.resenetechspec.com/Content/site.css?ver=1"
            },
            {
              "CompressionType": "",
              "DataType": "text/css",
              "DownloadTime": 47,
              "EventId": 166,
              "HttpStatus": 200,
              "Size": 1819,
              "URL": "https://www.resenetechspec.com/Content/Bootstrap/css/bootstrap-toggle.css"
            },
            {
              "CompressionType": "",
              "DataType": "text/css",
              "DownloadTime": 47,
              "EventId": 97,
              "HttpStatus": 200,
              "Size": 142074,
              "URL": "https://www.resenetechspec.com/Content/Bootstrap/css/bootstrap.css"
            },
            {
              "CompressionType": "",
              "DataType": "text/html",
              "DownloadTime": 109,
              "EventId": 76,
              "HttpStatus": 200,
              "Size": 26327,
              "URL": "https://www.resenetechspec.com/"
            }
          ],
          "SSLCipher": "",
          "SSLVersion": ""
        }
      ],
      "IncludeInScript": true
    },
    {
      "DomainName": "googleapis.com",
      "Domains": [
        {
          "HTTPVersion": "HTTP/1.1",
          "IP": "216.58.199.42",
          "IncludeInScript": true,
          "Name": "www.googleapis.com",
          "Port": 443,
          "Requests": [
            {
              "CompressionType": "gzip",
              "DataType": "application/json",
              "DownloadTime": 156,
              "EventId": 107,
              "HttpStatus": 200,
              "Size": 317,
              "URL": "https://www.googleapis.com/oauth2/v4/token"
            },
            {
              "CompressionType": "gzip",
              "DataType": "application/json",
              "DownloadTime": 157,
              "EventId": 82,
              "HttpStatus": 200,
              "Size": 219,
              "URL": "https://www.googleapis.com/oauth2/v1/userinfo"
            },
            {
              "CompressionType": "gzip",
              "DataType": "application/json",
              "DownloadTime": 219,
              "EventId": 55,
              "HttpStatus": 200,
              "Size": 320,
              "URL": "https://www.googleapis.com/oauth2/v4/token"
            },
            {
              "CompressionType": "gzip",
              "DataType": "application/json",
              "DownloadTime": 218,
              "EventId": 53,
              "HttpStatus": 200,
              "Size": 874,
              "URL": "https://www.googleapis.com/oauth2/v4/token"
            },
            {
              "CompressionType": "gzip",
              "DataType": "application/json",
              "DownloadTime": 171,
              "EventId": 48,
              "HttpStatus": 200,
              "Size": 947,
              "URL": "https://www.googleapis.com/oauth2/v4/token"
            }
          ],
          "SSLCipher": "ECDHE-ECDSA-AES128-GCM-SHA256",
          "SSLVersion": "TLS1.2"
        },
        {
          "HTTPVersion": "HTTP/1.1",
          "IP": "216.58.200.106",
          "IncludeInScript": true,
          "Name": "oauthaccountmanager.googleapis.com",
          "Port": 443,
          "Requests": [
            {
              "CompressionType": "gzip",
              "DataType": "application/json",
              "DownloadTime": 172,
              "EventId": 185,
              "HttpStatus": 200,
              "Size": 325,
              "URL": "https://oauthaccountmanager.googleapis.com/v1/issuetoken"
            }
          ],
          "SSLCipher": "ECDHE-ECDSA-AES128-GCM-SHA256",
          "SSLVersion": "TLS1.2"
        },
        {
          "HTTPVersion": "HTTP/1.1",
          "IP": "172.217.25.170",
          "IncludeInScript": true,
          "Name": "fonts.googleapis.com",
          "Port": 443,
          "Requests": [
            {
              "CompressionType": "br",
              "DataType": "text/css",
              "DownloadTime": 140,
              "EventId": 479,
              "HttpStatus": 200,
              "Size": 471,
              "URL": "https://fonts.googleapis.com/css?family=EB+Garamond&subset=latin,cyrillic,latin-ext"
            }
          ],
          "SSLCipher": "ECDHE-ECDSA-AES128-GCM-SHA256",
          "SSLVersion": "TLS1.2"
        },
        {
          "HTTPVersion": "HTTP/1.1",
          "IP": "172.217.167.67",
          "IncludeInScript": true,
          "Name": "clientservices.googleapis.com",
          "Port": 443,
          "Requests": [
            {
              "CompressionType": "",
              "DataType": "",
              "DownloadTime": 234,
              "EventId": 50,
              "HttpStatus": 304,
              "Size": 0,
              "URL": "https://clientservices.googleapis.com/chrome-variations/seed?osname=win&channel=stable&milestone=74"
            }
          ],
          "SSLCipher": "",
          "SSLVersion": ""
        }
      ],
      "IncludeInScript": true
    },
    {
      "DomainName": "google.com",
      "Domains": [
        {
          "HTTPVersion": "HTTP/1.1",
          "IP": "172.217.167.77",
          "IncludeInScript": true,
          "Name": "accounts.google.com",
          "Port": 443,
          "Requests": [
            {
              "CompressionType": "gzip",
              "DataType": "application/json",
              "DownloadTime": 235,
              "EventId": 57,
              "HttpStatus": 200,
              "Size": 203,
              "URL": "https://accounts.google.com/ListAccounts?gpsia=1&source=ChromiumBrowser&json=standard"
            }
          ],
          "SSLCipher": "",
          "SSLVersion": ""
        }
      ],
      "IncludeInScript": true
    },
    {
      "DomainName": "google-analytics.com",
      "Domains": [
        {
          "HTTPVersion": "HTTP/1.1",
          "IP": "172.217.25.142",
          "IncludeInScript": true,
          "Name": "www.google-analytics.com",
          "Port": 443,
          "Requests": [
            {
              "CompressionType": "",
              "DataType": "image/gif",
              "DownloadTime": 141,
              "EventId": 542,
              "HttpStatus": 200,
              "Size": 35,
              "URL": "https://www.google-analytics.com/r/collect?v=1&_v=j76&a=1379619709&t=pageview&_s=1&dl=https%3A%2F%2Fwww.resenetechspec.com%2F&ul=en-us&de=UTF-8&dt=Welcome%20to%20Resene%20Techspec%20-%20Resene%20TechSpec%20System&sd=24-bit&sr=1280x800&vp=1263x689&je=0&_u=IEBAAAAB~&jid=1308919524&gjid=889468754&cid=151038827.1560567726&tid=UA-49289843-1&_gid=1680992500.1560567726&_r=1&z=1424434263"
            },
            {
              "CompressionType": "gzip",
              "DataType": "text/javascript",
              "DownloadTime": 47,
              "EventId": 525,
              "HttpStatus": 200,
              "Size": 17595,
              "URL": "https://www.google-analytics.com/analytics.js"
            }
          ],
          "SSLCipher": "ECDHE-RSA-AES128-GCM-SHA256",
          "SSLVersion": "TLS1.2"
        }
      ],
      "IncludeInScript": true
    },
    {
      "DomainName": "datatables.net",
      "Domains": [
        {
          "HTTPVersion": "HTTP/1.1",
          "IP": "104.20.43.93",
          "IncludeInScript": true,
          "Name": "cdn.datatables.net",
          "Port": 443,
          "Requests": [
            {
              "CompressionType": "gzip",
              "DataType": "application/javascript",
              "DownloadTime": 47,
              "EventId": 345,
              "HttpStatus": 200,
              "Size": 2651,
              "URL": "https://cdn.datatables.net/rowreorder/1.2.3/js/dataTables.rowReorder.min.js"
            },
            {
              "CompressionType": "gzip",
              "DataType": "application/javascript",
              "DownloadTime": 63,
              "EventId": 313,
              "HttpStatus": 200,
              "Size": 980,
              "URL": "https://cdn.datatables.net/buttons/1.5.1/js/buttons.colVis.min.js"
            },
            {
              "CompressionType": "gzip",
              "DataType": "text/css",
              "DownloadTime": 125,
              "EventId": 281,
              "HttpStatus": 200,
              "Size": 214,
              "URL": "https://cdn.datatables.net/rowreorder/1.2.3/css/rowReorder.dataTables.min.css"
            },
            {
              "CompressionType": "gzip",
              "DataType": "application/javascript",
              "DownloadTime": 109,
              "EventId": 279,
              "HttpStatus": 200,
              "Size": 5855,
              "URL": "https://cdn.datatables.net/buttons/1.5.1/js/dataTables.buttons.min.js"
            },
            {
              "CompressionType": "gzip",
              "DataType": "application/javascript",
              "DownloadTime": 109,
              "EventId": 277,
              "HttpStatus": 200,
              "Size": 3848,
              "URL": "https://cdn.datatables.net/autofill/2.2.2/js/dataTables.autoFill.min.js"
            },
            {
              "CompressionType": "gzip",
              "DataType": "application/javascript",
              "DownloadTime": 93,
              "EventId": 275,
              "HttpStatus": 200,
              "Size": 27843,
              "URL": "https://cdn.datatables.net/1.10.16/js/jquery.dataTables.min.js"
            },
            {
              "CompressionType": "gzip",
              "DataType": "text/css",
              "DownloadTime": 141,
              "EventId": 241,
              "HttpStatus": 200,
              "Size": 1776,
              "URL": "https://cdn.datatables.net/buttons/1.5.1/css/buttons.dataTables.min.css"
            },
            {
              "CompressionType": "gzip",
              "DataType": "text/css",
              "DownloadTime": 125,
              "EventId": 235,
              "HttpStatus": 200,
              "Size": 704,
              "URL": "https://cdn.datatables.net/autofill/2.2.2/css/autoFill.dataTables.css"
            },
            {
              "CompressionType": "gzip",
              "DataType": "text/css",
              "DownloadTime": 125,
              "EventId": 233,
              "HttpStatus": 200,
              "Size": 2109,
              "URL": "https://cdn.datatables.net/1.10.16/css/jquery.dataTables.min.css"
            }
          ],
          "SSLCipher": "ECDHE-ECDSA-AES128-GCM-SHA256",
          "SSLVersion": "TLS1.2"
        }
      ],
      "IncludeInScript": true
    },
    {
      "DomainName": "cloudflare.com",
      "Domains": [
        {
          "HTTPVersion": "HTTP/1.1",
          "IP": "104.19.197.151",
          "IncludeInScript": true,
          "Name": "cdnjs.cloudflare.com",
          "Port": 443,
          "Requests": [
            {
              "CompressionType": "br",
              "DataType": "text/css",
              "DownloadTime": 141,
              "EventId": 189,
              "HttpStatus": 200,
              "Size": 7236,
              "URL": "https://cdnjs.cloudflare.com/ajax/libs/froala-editor/2.6.0/css/froala_editor.pkgd.min.css"
            },
            {
              "CompressionType": "br",
              "DataType": "text/css",
              "DownloadTime": 62,
              "EventId": 176,
              "HttpStatus": 200,
              "Size": 1207,
              "URL": "https://cdnjs.cloudflare.com/ajax/libs/froala-editor/2.6.0/css/froala_style.min.css"
            },
            {
              "CompressionType": "br",
              "DataType": "text/css",
              "DownloadTime": 78,
              "EventId": 174,
              "HttpStatus": 200,
              "Size": 1430,
              "URL": "https://cdnjs.cloudflare.com/ajax/libs/codemirror/5.25.0/codemirror.min.css"
            },
            {
              "CompressionType": "br",
              "DataType": "text/css",
              "DownloadTime": 63,
              "EventId": 172,
              "HttpStatus": 200,
              "Size": 5730,
              "URL": "https://cdnjs.cloudflare.com/ajax/libs/font-awesome/4.4.0/css/font-awesome.min.css"
            }
          ],
          "SSLCipher": "ECDHE-ECDSA-AES128-GCM-SHA256",
          "SSLVersion": "TLS1.2"
        }
      ],
      "IncludeInScript": true
    }
  ],
  "WebSocket": {
    "IncludeInScript": false,
    "IsScriptIncludeWebSocket": false
  },
  "NumberOfCorrelations": 0
}